{
    "01": {
        "vector": [
            90.90799890203019,
            57.94977510186305,
            315.08198092968127,
            76.92162086452467,
            111.5399159864888,
            290.3113136017368,
            240.02583035311108,
            356.4595230050277,
            87.19072024611717
        ],
        "energy": -1.4692736700017122
    },
    "02": {
        "vector": [
            94.0332931759331,
            63.846307240258525,
            310.9276985620975,
            98.72053934204843,
            175.03811702969188,
            72.33927583997847,
            113.97554381656808,
            6.676593842861119,
            90.81798214147314
        ],
        "energy": -1.436887422001746
    },
    "03": {
        "vector": [
            239.80013370418652,
            172.57667686102064,
            78.86318949306686,
            282.42950425957594,
            238.46897151452015,
            69.2591640582437,
            118.07836214757542,
            6.364808340944983,
            287.92373688430973
        ],
        "energy": -1.358308342001692
    },
    "06": {
        "vector": [
            109.35953553062576,
            78.9009669413412,
            285.0614620116272,
            75.32882585659259,
            122.4240038468597,
            290.02367594820237,
            241.20286079729385,
            354.4027765071012,
            159.21735473104087
        ],
        "energy": -1.3452683299983619
    },
    "10": {
        "vector": [
            252.09072069622198,
            166.80716192170908,
            269.9774568025745,
            76.95124830484346,
            121.0095004326466,
            292.4584800775817,
            234.87948319989601,
            356.95936349753606,
            159.67787318763516
        ],
        "energy": -1.3215777779987548
    },
    "04": {
        "vector": [
            282.6661646125332,
            64.31812692514998,
            323.7631933921936,
            89.63673647126826,
            117.61658682996776,
            290.37507472291463,
            234.88769293695242,
            359.4710924870273,
            76.0992899999459
        ],
        "energy": -1.3206482070017955
    },
    "08": {
        "vector": [
            240.03394484601768,
            172.031070827226,
            77.68840433610468,
            281.4073672609103,
            238.8527124422408,
            68.9632785808893,
            117.96886167683685,
            6.543052807964834,
            45.135617137761386
        ],
        "energy": -1.3164168980001705
    },
    "09": {
        "vector": [
            246.06097054359407,
            180.42411420946277,
            67.59695626079457,
            255.72925414014674,
            177.50014609913276,
            284.9199988098994,
            245.96442305855422,
            354.7560116064228,
            291.3166713299221
        ],
        "energy": -1.3101198629992723
    },
    "07": {
        "vector": [
            270.1199769716755,
            66.43453486849232,
            287.5109141684956,
            141.87118568328378,
            72.41681381842294,
            289.2925026303675,
            238.4621572392776,
            358.10987766596895,
            156.15233948376903
        ],
        "energy": -1.3040478809998604
    },
    "11": {
        "vector": [
            87.77807324939319,
            66.30698988783439,
            307.357408547554,
            119.88570361856848,
            161.8939740017966,
            84.6626634627409,
            26.465642827209702,
            182.66542956220465,
            91.04516115606589
        ],
        "energy": -1.2416119640001853
    },
    "12": {
        "vector": [
            271.74769494221755,
            68.44122908846717,
            294.1572965391619,
            138.5993033463061,
            69.83716032050806,
            289.2044128943951,
            237.59425631536442,
            359.245827500905,
            305.64075174108956
        ],
        "energy": -1.2381107910005085
    },
    "05": {
        "vector": [
            274.5001763858754,
            53.13365356052558,
            331.6386401937501,
            86.75261908521763,
            113.32649575445835,
            290.67394404816434,
            351.1676614917734,
            181.16094303304263,
            68.3896563589426
        ],
        "energy": -1.232679365999502
    },
    "13": {
        "vector": [
            89.98030923294225,
            175.50954112068683,
            74.91234265875745,
            214.68902734334046,
            291.6123974035361,
            70.22634518976004,
            121.1993743483519,
            1.9598539182876071,
            41.389370012940354
        ],
        "energy": -1.2216505969990976
    }
}