{
    "03": {
        "vector": [
            83.33449359364407,
            55.082242070755306,
            310.8767306913604,
            69.35098430487288,
            124.60378559649476,
            2.0386465887829566,
            94.10164254611817
        ],
        "energy": -1.3031913170016196
    },
    "04": {
        "vector": [
            263.42409964864095,
            49.562229338533896,
            304.8195596791944,
            289.8701254225279,
            230.43496957564886,
            359.1960201006706,
            98.48121416501357
        ],
        "energy": -1.2564864849991864
    },
    "02": {
        "vector": [
            254.61314327497442,
            176.12853236424104,
            86.62467719714319,
            292.29797697828036,
            244.27666553888074,
            353.4812204769309,
            286.7630660489381
        ],
        "energy": -1.2500855329999467
    },
    "05": {
        "vector": [
            88.19677652511552,
            58.441110406828074,
            315.854202713494,
            289.8086960650485,
            231.1798170802405,
            359.3130086291715,
            85.95578701821749
        ],
        "energy": -1.2438928289993783
    },
    "06": {
        "vector": [
            254.0328646434611,
            175.6596309695882,
            86.77647368029099,
            291.81539666100144,
            244.59749797890953,
            353.7647520068564,
            40.02882216238519
        ],
        "energy": -1.2129400859994348
    },
    "12": {
        "vector": [
            92.09905741129911,
            67.6082284945825,
            285.1221372096131,
            68.04991056335865,
            115.10190644578171,
            7.72774688816584,
            312.8481255258973
        ],
        "energy": -1.183371350998641
    },
    "07": {
        "vector": [
            265.8107974406971,
            52.133256733360014,
            303.0243025422477,
            125.24132078439168,
            11.05826759865991,
            180.63849991373414,
            95.25138646913246
        ],
        "energy": -1.1640206000010949
    },
    "11": {
        "vector": [
            267.52987581269997,
            51.83900759613232,
            307.1040813627385,
            99.34466248628901,
            197.65413205088532,
            187.06765803941832,
            93.04218050289546
        ],
        "energy": -1.1493722870000056
    },
    "09": {
        "vector": [
            88.73562712129227,
            182.43076147954258,
            85.22208541167694,
            210.34083210406916,
            355.3714943876484,
            180.7132553279368,
            284.0830803695958
        ],
        "energy": -1.140481759000977
    },
    "10": {
        "vector": [
            272.7160035436964,
            64.29825847446713,
            282.3115858641853,
            139.55883354742787,
            8.550732333020816,
            179.5564479301876,
            166.32933586464458
        ],
        "energy": -1.135886660998949
    },
    "13": {
        "vector": [
            268.7584066536349,
            62.06961641496923,
            287.37604514639656,
            139.4850258771758,
            7.602986073382404,
            179.7369356436369,
            309.3325877233083
        ],
        "energy": -1.1268114830018021
    },
    "14": {
        "vector": [
            86.1412294751869,
            181.3514231428683,
            85.55488781387653,
            207.39483271910657,
            355.58384501317863,
            180.5955694397282,
            33.945020450404044
        ],
        "energy": -1.120473529001174
    },
    "15": {
        "vector": [
            99.53871856744819,
            80.09146485766745,
            287.4383235730616,
            111.23507833524162,
            229.6810143576806,
            192.14688454792991,
            163.81258916297534
        ],
        "energy": -1.0966056729994307
    }
}