{
    "15": {
        "vector": [
            250.12244791761407,
            175.8625510723186,
            155.28576313619487,
            52.541660661281696,
            280.6700949777244,
            338.5356002406665,
            273.00472830372195,
            1.0091643650816644,
            358.8075759063815
        ],
        "energy": -1.2420313969996641
    },
    "13": {
        "vector": [
            236.17799492030278,
            179.3902740396903,
            303.00790403213034,
            300.91900907147766,
            76.15009884021654,
            10.467888836372468,
            210.75092209414075,
            261.8247713583625,
            1.1821706983653912
        ],
        "energy": -1.2387064089998603
    },
    "11": {
        "vector": [
            151.20524368250543,
            273.82704910759,
            159.32043581003654,
            343.62302832045816,
            104.07966687918247,
            13.510969561196882,
            210.53868760187913,
            358.4398441252422,
            359.3457202465326
        ],
        "energy": -1.2031083629990462
    },
    "06": {
        "vector": [
            297.07247175048695,
            174.06471089798586,
            115.70548817922491,
            69.53445979022703,
            282.0809167285202,
            346.62563488567827,
            269.42693689181203,
            315.69237196966264,
            357.50809447447733
        ],
        "energy": -1.1237397180011612
    },
    "10": {
        "vector": [
            284.98892496225125,
            181.71254005858307,
            117.58748224973962,
            68.20069821580407,
            281.200892024092,
            346.2421793377706,
            270.88453684156616,
            109.07014393280765,
            178.3153921570087
        ],
        "energy": -1.1166394879983272
    },
    "01": {
        "vector": [
            148.70936209491396,
            283.5699894046827,
            153.7671329278733,
            349.45967018249297,
            294.33926193270634,
            349.3182013958266,
            265.6212681013024,
            302.207730816933,
            355.9980547059428
        ],
        "energy": -1.1161615989985876
    },
    "07": {
        "vector": [
            288.3511646577249,
            176.25185076293693,
            118.10806525164173,
            67.30573266010329,
            281.6593811978338,
            346.58507674402904,
            270.350946958637,
            317.75683425201123,
            177.89068495720664
        ],
        "energy": -1.1144106920000922
    },
    "05": {
        "vector": [
            196.64045040225415,
            300.4750094079934,
            81.26699937145014,
            1.4031209328920622,
            95.96067889417675,
            11.946418386109706,
            209.20873157660324,
            112.43161453923983,
            177.70399968609374
        ],
        "energy": -1.0791355340006703
    },
    "12": {
        "vector": [
            188.20378190502197,
            304.09246545926476,
            165.11116476699502,
            295.08023741606434,
            82.25472485008012,
            21.004214524842336,
            196.44198912817393,
            109.84113725640957,
            179.5981516224302
        ],
        "energy": -1.0743757009986439
    },
    "08": {
        "vector": [
            135.80651845744137,
            281.51899706842187,
            65.16892559138111,
            62.842251330885766,
            279.67197447078945,
            348.8192790359026,
            270.03453703395326,
            119.09453539841999,
            180.39914183863937
        ],
        "energy": -1.0701302730012685
    },
    "02": {
        "vector": [
            141.8972979337176,
            277.2131954926959,
            66.72182387999048,
            60.54741428412429,
            282.04837370443744,
            349.2179458388678,
            269.2936175892281,
            329.4626960948746,
            178.5301869451117
        ],
        "energy": -1.065963738001301
    },
    "03": {
        "vector": [
            192.8428084360521,
            297.8963695009175,
            85.47771358979679,
            2.444233559482419,
            96.12634016765102,
            348.51153094742824,
            261.22838568182465,
            113.06956186253083,
            178.2214024513653
        ],
        "energy": -1.065567863999604
    },
    "09": {
        "vector": [
            162.90183319247149,
            288.3008356976042,
            66.9254773175067,
            62.500457688515915,
            279.32068211110226,
            10.844818402409535,
            210.45143310242912,
            119.87270632915302,
            180.4958127177206
        ],
        "energy": -1.0613483029992494
    }
}