{
    "15": {
        "vector": [
            306.3194744470657,
            342.76184128604075,
            155.43386954609034,
            134.73905626348727,
            161.71618283933103,
            59.76741861718912,
            356.77969150815704,
            308.38575150638087,
            208.44353228276896
        ],
        "energy": -2.0245384740010195
    },
    "07": {
        "vector": [
            152.81555266145085,
            12.862169735669196,
            85.6483037089835,
            241.4027425005957,
            160.21783658719164,
            58.79747703418445,
            357.24637740203826,
            305.6220896659952,
            213.61248506589806
        ],
        "energy": -2.0136758029984776
    },
    "12": {
        "vector": [
            305.48631794361154,
            8.58074857884681,
            99.30969523701472,
            128.79956227849206,
            162.11650338951054,
            60.29115999111638,
            356.6003315495751,
            306.1576131165288,
            208.5496144944152
        ],
        "energy": -2.003386872998817
    },
    "06": {
        "vector": [
            154.6433718656494,
            351.4545071419363,
            141.274710274747,
            242.6694516300783,
            160.1676400211583,
            58.46870039385343,
            357.35176323275556,
            302.1243574803574,
            215.02853018383144
        ],
        "energy": -1.9931600609997986
    },
    "11": {
        "vector": [
            154.7264733113628,
            350.57092808586015,
            147.2523033278286,
            228.46659701439907,
            160.2734625979889,
            58.63471188507361,
            357.3936797162275,
            44.6304791169143,
            162.47687709598267
        ],
        "energy": -1.9914801640006772
    },
    "08": {
        "vector": [
            154.76734161025374,
            9.406474667642083,
            94.95218382249683,
            229.42361938234453,
            159.94921646777726,
            58.069053338783135,
            357.90339833860895,
            43.849253517119685,
            158.80640645678653
        ],
        "energy": -1.9895775549994141
    },
    "10": {
        "vector": [
            81.95755942387237,
            348.215194974751,
            152.77509639769605,
            334.18952241043837,
            165.58076836539232,
            60.82005497478621,
            356.9331935705535,
            183.66655334565567,
            141.06002670295416
        ],
        "energy": -1.9835644400009187
    },
    "09": {
        "vector": [
            82.2768014512896,
            11.778211322583495,
            90.5033209664386,
            334.0332050473319,
            165.77506706719035,
            60.82482645034465,
            356.8615997740296,
            183.51893856897874,
            152.0202082777763
        ],
        "energy": -1.9803202069997496
    },
    "16": {
        "vector": [
            306.3125820343004,
            341.96459594404865,
            156.88227815912109,
            137.25471557540573,
            298.19733441765885,
            309.2320636228956,
            2.7762789869360027,
            309.05614756644155,
            202.88476877965465
        ],
        "energy": -1.9764500409983157
    },
    "02": {
        "vector": [
            134.09118750727262,
            341.48940115473465,
            157.0218189449475,
            178.60236514638373,
            74.56521183255548,
            171.21272792813974,
            178.50856038579525,
            59.14206422763087,
            172.22228525725995
        ],
        "energy": -1.9064550779985439
    },
    "04": {
        "vector": [
            77.46007859406141,
            346.8039159970866,
            154.6306686491368,
            349.99711427486415,
            174.1580373728326,
            156.74172393462197,
            178.27251739221649,
            200.02545893317918,
            138.84024671408667
        ],
        "energy": -1.8854213560007338
    },
    "05": {
        "vector": [
            76.87943712377484,
            10.465294153979658,
            86.5498700959893,
            350.02553362079175,
            175.00097491761247,
            156.45986136259523,
            178.16778034277485,
            199.47056622825528,
            139.05322013338252
        ],
        "energy": -1.881367695001245
    },
    "03": {
        "vector": [
            83.7592379601314,
            349.44510742871324,
            153.0430795474143,
            323.1707154195167,
            81.50801966626187,
            168.64178986442587,
            178.09794486492422,
            180.8120038105077,
            151.0529396118655
        ],
        "energy": -1.8798480449986528
    },
    "13": {
        "vector": [
            303.05451149311494,
            23.444334055699514,
            77.63946765531232,
            113.71104674821787,
            168.600299942515,
            162.7831484917187,
            178.7216351269417,
            302.6635870884398,
            200.37166470321029
        ],
        "energy": -1.8776117400011572
    },
    "01": {
        "vector": [
            83.05037204278615,
            13.832508709718175,
            87.68331860133601,
            322.94982016571004,
            80.81107262902583,
            168.89529019779457,
            178.02316871877426,
            179.90978653362774,
            158.60432739336875
        ],
        "energy": -1.8751468439986638
    },
    "14": {
        "vector": [
            159.17496795602355,
            336.4972452718276,
            163.09128760448928,
            264.45396492252735,
            283.9463918181456,
            207.8480478388317,
            182.6892082308769,
            191.60427206050844,
            167.78674166091764
        ],
        "energy": -1.8684426139989228
    }
}